{"episodes_completion": {"1.0": [[0.9930907548276403, 0.9896141395502738, -0.0739517582756794, 0.9913745708108889, 0.9859721643968881, 0.9876026425583126, 0.9948534481131729, 0.9941495529511976, 0.7738868392876428, 0.9921469581236381, 0.9938035055485644, 0.9856116993748706, 0.23053025203137475, 0.9948667041217995, 0.9853701035877394, 0.9892128286372338, 0.9919099550582805, -0.07492753523596775, -0.2720853551899186, 0.9931772964971873, 0.4106835803174661, 0.27436841380776783, 0.5745985583378728, 0.4000224486207406, 0.8208379091027199], [0.9932737251617326, -0.38851940282563957, -0.07392054198552096, 0.9920517184196174, 0.9867248179184385, 0.9872689295888163, 0.9953998048504652, 0.9933752904412854, 0.7735510001185492, 0.9924130565008608, 0.99333076934583, 0.9858154727116527, 0.23051429964359837, 0.9948914168733043, 0.9821094767123535, 0.9902290772926784, 0.9920887256291593, -0.07050070794811995, -0.272086323543986, 0.9927345896271118, 0.41118519437354684, 0.2732517844988614, 0.9965433180999822, 0.399505335068405, 0.8209157595346511]], "3.0": [[0.9931741685498864, 0.9899736292560007, -0.07407409252470214, 0.9922574361321278, 0.9857652626131167, 0.9869215370219335, 0.9949182467228803, 0.9934832255065268, 0.7176011210443564, 0.9922728290134634, 0.9936352127514146, 0.9844686233360683, 0.23038650572850114, 0.994841611340602, 0.9826524180625454, 0.989739296721029, 0.9910508541171601, 0.9899980260023684, -0.27220200789527427, 0.9935346727668688, 0.41126584887601886, 0.2694188429329912, 0.9959849868954487, 0.3989651456400676, 0.8208864616743518], [0.9934961853158077, 0.9885841022843698, -0.0740603039879621, 0.3384346318782005, 0.986134136680237, 0.9872851480368405, 0.9949492014888889, 0.9943316423793656, 0.3948523210042846, 0.9929125138869055, 0.99298450126048, 0.9853199487377237, 0.23042734557682382, 0.9949246120054486, 0.9822958066386421, 0.9903640168935608, 0.991905393783351, 0.9913560555146835, -0.27217002754977, 0.9927543754826863, 0.40983006478703576, 0.2746918274302777, 0.9001153410416889, 0.3991116787061603, 0.8220108012812367]], "4.0": [[0.9933830779054208, 0.5296029074291148, -0.07652887315745104, 0.9911321956575662, 0.985245734312337, 0.9877620815537567, 0.9954604381898748, -0.04202877298455427, 0.774513118940921, 0.992698543906476, 0.993794724649777, 0.9861196684703588, 0.23050061565618699, 0.9953815437827928, 0.9847119488965937, 0.9889531878537765, 0.9922617608468137, 0.9907084335372595, -0.2720427533621655, 0.9936542375860591, 0.41093370088934195, 0.2741510355288747, 0.9965723705576414, 0.3986955771430719, 0.821520007781753], [0.9936971133208582, 0.5295815259454449, -0.07394519978443462, 0.9917619316363161, 0.9853386372758539, 0.98804313173206, 0.9952534625298539, -0.04173061002493299, 0.7743849076190632, 0.992569620030679, 0.9930764840136682, 0.9854343952125049, 0.2305124156637201, 0.9950021812164056, 0.9824048431637117, 0.9884466709214207, 0.9921426810592798, 0.9900115948616871, -0.2720176058716763, 0.9926642005682026, 0.4110003845389541, 0.2641067481403362, 0.9959730669650978, 0.39902875305062785, 0.8216031191751013]], "6.0": [[0.36395306294801066, 0.5310390688399996, -0.07363561178874328, 0.27618551783537887, 0.9866363336182885, 0.9871901168742607, 0.9954658907507163, -0.037369024603116245, 0.7610673093456032, 0.9928183560138216, 0.9934040430940922, 0.07413913998383385, 0.23058828398711642, 0.995300280406345, 0.9839650523314049, -0.8043855319903013, 0.992113275309816, 0.9898817085912393, -0.2718568259763142, 0.9939142681870619, 0.4032257913179516, 0.2596826374659671, 0.996333945476901, 0.378770338618943, 0.8278399845484763], [0.369983908550154, 0.5307674660208491, -0.07369616372988437, 0.22831068730411677, 0.9857079782489072, 0.9870059534421397, 0.995108645589607, -0.037741755842459035, 0.7616770187472599, 0.9932607159208364, 0.9933029602317202, -0.08978171694787564, 0.23062497248599464, 0.9947353066482016, 0.9845140143848634, -0.8007307188015536, 0.9914441772343416, 0.9904259857327644, -0.271711699675234, 0.9930757639777243, 0.3997950437800961, 0.2588020562376567, 0.9958886258845923, 0.3778754354270128, 0.8276336649786644]], "8.0": [[0.4420780074130359, 0.9895521435304341, -0.07942613560314112, 0.9920515143393045, 0.9854798034023695, 0.9879151578877401, 0.9950154403897055, 0.1098476538859654, 0.7741890876001641, 0.9930890053831211, 0.9932786760633868, 0.22431548759184092, 0.23041080348096982, 0.9947366961609316, 0.9846525979755075, 0.989115564254048, 0.9926305667174052, -0.07735701608183981, -0.272329810889063, 0.9933983792815451, 0.4024667383407102, 0.26108997606371587, 0.9963478938494216, 0.3798617207541845, 0.8257245950066481], [0.9928748383555589, 0.9890325648877677, -0.07403585586000878, 0.9913418198575954, 0.9865488884614687, 0.9875028841403963, 0.9950320628195032, 0.10989070094203161, 0.7749515216223166, 0.9932207191572474, 0.9930643472767977, -0.5182183922820541, 0.23043185531209848, 0.9955449186666427, 0.9847856686384693, 0.9887649341415516, 0.9918397755817595, -0.07258136098629558, -0.2723450229929385, 0.9932661589992998, 0.40240536199767835, 0.2596912209327123, 0.9964502583488207, 0.3783843254828491, 0.8257340366396296]], "14.0": [[0.9941591915417733, 0.5292280714098528, -0.0741079336053521, 0.33706705833813266, 0.9853361701112684, 0.9872510382997273, 0.33277926424081666, -0.0424976776753535, 0.7577656512146355, 0.9926386864772339, 0.993036564357931, 0.23309011448127678, 0.230458075184083, 0.9955528684033693, 0.9075598378640777, 0.9903263654298493, 0.991776869038926, 0.9901014760046856, -0.27219955571734866, 0.013064520216873626, 0.40873803061898045, 0.27491030760383706, 0.9963905112109499, 0.39811836946395657, 0.8214050507235785], [0.9936640842061399, 0.5304786988237788, -0.07406908183370974, 0.3467169674483215, 0.9862674073391986, 0.9879496359624445, 0.33333612365616394, -0.04153177241085223, 0.7611042184870619, 0.993568396238918, 0.9932568447356347, 0.22407253555388573, 0.2304640040719788, 0.9952964065881315, 0.8965073107914884, 0.9899452066833976, 0.9921830599369149, 0.9899583164352621, -0.2721938411697861, 0.021227931850496474, 0.41087099517034653, 0.2749981933186986, 0.4303729232272658, 0.397425051526033, 0.8215886861188603]]}, "intersection_offroad": {"1.0": [[0, 0, 0, 0, 0, 0, 1, 0, 0, 0, 0, 0, 0, 0, 0, 0, 0, 0, 0, 0, 0, 0, 1, 0, 0], [1, 1, 0, 0, 0, 0, 2, 0, 0, 0, 0, 1, 0, 0, 0, 0, 0, 0, 0, 0, 0, 0, 0, 0, 0]], "3.0": [[0, 0, 0, 0, 0, 0, 0, 0, 0, 0, 0, 0, 0, 0, 0, 0, 0, 0, 0, 0, 0, 0, 0, 0, 0], [0, 0, 0, 0, 0, 0, 0, 0, 0, 0, 0, 0, 0, 0, 0, 1, 0, 0, 0, 0, 0, 0, 1, 0, 0]], "4.0": [[0, 0, 0, 0, 0, 0, 0, 0, 0, 0, 0, 0, 0, 0, 0, 0, 0, 0, 0, 0, 0, 0, 0, 0, 0], [0, 0, 0, 0, 0, 0, 0, 0, 0, 0, 0, 0, 0, 0, 0, 0, 0, 0, 0, 0, 0, 0, 0, 0, 0]], "6.0": [[0, 0, 0, 0, 0, 0, 0, 0, 0, 0, 0, 0, 0, 0, 0, 1, 0, 0, 0, 0, 0, 0, 0, 0, 0], [1, 0, 0, 1, 0, 0, 0, 0, 0, 0, 0, 1, 0, 0, 0, 1, 0, 0, 0, 0, 0, 0, 0, 0, 0]], "8.0": [[0, 0, 0, 0, 0, 0, 0, 1, 0, 0, 0, 0, 0, 0, 0, 0, 0, 0, 0, 1, 0, 0, 0, 0, 0], [0, 0, 0, 0, 0, 0, 0, 1, 0, 0, 0, 0, 0, 0, 0, 0, 0, 0, 0, 0, 0, 0, 0, 0, 0]], "14.0": [[0, 0, 0, 0, 0, 0, 0, 0, 0, 0, 0, 0, 0, 0, 0, 0, 0, 0, 0, 1, 0, 0, 0, 0, 0], [0, 0, 0, 0, 0, 0, 0, 0, 0, 0, 0, 0, 0, 0, 0, 0, 0, 0, 0, 1, 0, 0, 0, 0, 0]]}, "intersection_otherlane": {"1.0": [[0, 0, 0, 0, 0, 0, 0, 0, 0, 0, 0, 0, 0, 0, 0, 0, 0, 0, 0, 0, 0, 0, 0, 0, 0], [0, 0, 0, 0, 0, 0, 0, 0, 0, 0, 0, 0, 0, 0, 0, 0, 0, 0, 0, 0, 0, 0, 0, 0, 0]], "3.0": [[0, 0, 0, 1, 0, 0, 0, 0, 0, 0, 0, 0, 0, 0, 0, 0, 0, 0, 0, 0, 0, 0, 0, 0, 0], [0, 0, 0, 1, 0, 0, 0, 0, 0, 0, 0, 0, 0, 0, 0, 0, 0, 0, 0, 0, 0, 0, 1, 0, 0]], "4.0": [[0, 0, 0, 0, 0, 0, 0, 0, 0, 0, 0, 0, 0, 0, 0, 0, 0, 0, 0, 0, 0, 0, 0, 0, 0], [0, 0, 0, 0, 0, 0, 0, 0, 0, 0, 0, 0, 0, 0, 0, 0, 0, 0, 0, 0, 0, 0, 0, 0, 0]], "6.0": [[0, 0, 0, 0, 0, 0, 0, 0, 0, 0, 0, 0, 0, 0, 0, 0, 0, 0, 0, 0, 0, 0, 0, 0, 0], [0, 0, 0, 0, 0, 0, 0, 0, 0, 0, 0, 0, 0, 0, 0, 0, 0, 0, 0, 0, 0, 0, 0, 0, 0]],