{"episodes_completion": {"1.0": [[-0.41020748673626123, 0.19325692894276886, -0.6424288542684934, 0.9824330514677079, 0.9696924389000694, 0.9688709636318541, 0.09958479738035318, -0.9192124714108643, -0.4524817323178103, 0.9812063852195447, -0.08292854759373017, 0.21590232345180968, 0.5731080195012297, 0.9861595654605717, 0.18212160411594933, 0.9887730296312552, -6.204381612160867, 0.9914948084381443, 0.9895307076974157, 0.9897508462982451, 0.13711472264642416, 0.9922521979490544, 0.9888059181566778, 0.24024774989217712, 0.9910375422235655], [-0.4113012249722995, 0.19328491375705353, 0.9794475309461828, 0.981991444443847, 0.9695540483945433, 0.9646455240500035, 0.09958085955852046, 0.979572325344968, -0.46085426306005406, 0.9779640420386697, 0.25352162161111363, 0.21501518266883266, 0.424248064696215, 0.9870634364753801, 0.182194458008663, 0.9898331422024321, -6.200763378028211, 0.9917884652655989, 0.9899934925849081, 0.9897865946007306, 0.13715666812177835, 0.9934187181753181, 0.36284113667746976, 0.24023440541495675, 0.9904052746940215]], "3.0": [[-0.22435496331812096, 0.5462303761007002, -0.20566976518881921, 0.9830180814046093, -1.780528713626505, 0.9705533778080595, 0.10900340115883123, 0.9800173387522172, -0.9568340383002754, 0.9776256146180767, -0.09951644357251939, 0.21444799122798391, 0.5431019044001167, 0.9870658261291447, 0.18225035598438996, -0.2465109453422663, -1.2209063230261, 0.9925758528324994, 0.9255257694532277, 0.9892180501900344, 0.13716743571406026, 0.3089003146541712, 0.9898564166025817, 0.2402270145724769, -0.3081794317507176], [-0.23693484473538456, -0.005232209556218749, -1.9309167175955941, 0.9841686456734727, -2.897973465375775, 0.9668754902833195, 0.27309205933133074, 0.25271011312124236, -0.9560190646759982, 0.980952824218905, -0.09531148329310603, 0.21427172071314216, 0.5407407888791879, 0.9869623930233026, 0.18212691162630132, -0.23670759750393966, -6.4116289821771435, -0.07772582031001593, 0.9255075975465394, 0.9892965005614164, 0.1372003166804137, 0.3104188210747885, 0.3626307118664735, 0.24019231838870886, -0.30680464708496824]], "4.0": [[0.9865228390361364, 0.6278910729985989, 0.9786044672602751, 0.043288467011426184, 0.9676812840872785, 0.9649026373456641, 0.9808043209829713, 0.9791736613737395, 0.2858532225243802, 0.9784935786180449, 0.9902227419076933, 0.21445260175895778, 0.07801399868739506, 0.9858862811115143, 0.18207017415923854, -0.21344158939780616, 0.9381349038371415, 0.9910815474045633, 0.9895685968813451, 0.9910612408237554, 0.1368483910350091, 0.9926379851507336, 0.9890082793651915, 0.2402417798948198, 0.9902196485096817], [0.22235874700008912, 0.1935080089983094, -1.3294024698184375, 0.9819197937671589, 0.964243521492938, 0.9666073293673721, 0.1977361317854026, 0.1893668758328535, 0.5152994467408061, 0.9804670081602017, 0.9901031640329493, 0.214361942405029, 0.3668353069007421, 0.9859491492153138, 0.18177916645207798, -0.21238143561743023, 0.9369674358952784, 0.9914089331599071, 0.9885921371684636, 0.9911583721675703, 0.13698937281518467, 0.9929034068911139, 0.3617462593756108, 0.2402538591485786, 0.9901437453897649]], "6.0": [[-0.5012535196331079, -0.1661381941970066, -2.159233562512402, 0.08070075668299273, -1.79013127167801, -1.8794023056639464, 0.10157053432666667, -0.8120408832102534, -1.1406445441244932, -0.38497698990084184, -0.29854357532220943, 0.20374392660103072, 0.5365365406407587, 0.6365915691613385, 0.16708180701292427, -0.21221360493882557, -6.425018147943622, -0.07689472195959567, 0.7856697948303856, -0.4501657340748842, 0.12547023262974719, 0.30054166252981923, 0.9896113115087322, 0.2201645694829617, -0.38563001980866723], [-0.5014930409860836, 0.34031650869468694, -2.1457041760468525, 0.06496054142312703, -1.7831600053734047, -1.8819359547100034, 0.10150697888230241, 0.1892448188688274, -1.1112490264859485, -0.3681068037480893, 0.24440782312507167, 0.20315386660246923, 0.3065272427842875, 0.6529028454470951, 0.1668790415986825, -0.19288563473830936, -6.408827998365084, -0.06783862012680197, 0.7827699791790841, 0.9903322991697511, 0.12563086493988695, 0.2789680825985318, 0.9885428569893505, 0.22040034045708512, -0.38470350126040614]], "8.0": [[0.9877468676374253, 0.194258498486966, 0.976931545578396, 0.9839738107212319, -1.8041286732890445, -0.48154852575999324, 0.27220109166985246, 0.9790330766220884, 0.2857899233285029, 0.9809117899826371, 0.27800447476746803, 0.21615504575944816, 0.4242110852887452, 0.880735800764051, 0.18329859610184585, 0.9883683633739828, -6.419456905877727, 0.9917936344578705, 0.9887590103912313, 0.6113695990825232, 0.13796471324078158, 0.9925181529234014, 0.9885758843527301, 0.240151238759488, 0.9906404331416165], [0.9872927013534504, 0.192950219033396, 0.9800700867523806, 0.983939573891252, 0.9647864059165002, -1.17486556361923, 0.4747456921977642, 0.1901878768277796, 0.285843362882231, 0.9792693763814474, 0.2707412948472462, 0.21563428254963787, 0.42452674955481523, 0.8718816588251564, 0.18263347739806124, 0.9884480188873476, -6.419682428072624, 0.9920678304472966, 0.9892698771126658, 0.6126378187629943, 0.13748644971886512, 0.9924612108379212, 0.3622779320373407, 0.24020476420619793, 0.23573117224957374]], "14.0": [[-0.503526910569722, -0.1605734900097856, -2.1457807029282, 0.5482823138308782, 0.07737606645113732, -0.11334996938566257, -1.334070757176472, 0.05597765270647711, -1.1591952942660317, -1.0205016961548365, 0.26173826168007147, 0.2141841150290759, 0.5468061718346113, 0.9881838276947705, 0.16977927849260646, 0.9880800101721415, -6.401917589729623, 0.99219821049821, 0.7933564118796762, 0.14226402660186266, 0.13746157950089613, 0.9932501670033461, 0.05029263948670026, 0.2402047476341138, -0.3955666084731646], [-0.5044929848290707, 0.24472631998295302, -2.1814009458123533, 0.668510357312591, 0.0923335165465511, -0.15578024336126364, 0.27311404150471735, 0.05393039688253359, -1.1592309401469671, -1.2820590724659424, 0.2619720174319465, 0.21470749051761823, 0.5472190559375654, 0.9857915895391957, 0.18274789090564672, 0.9889599494231014, -6.396586338249792, 0.9920646284618321, 0.7939117138503387, 0.09602786327467987, 0.1372246734389312, 0.993486871061528, 0.4980313905189287, 0.24020377532370057, -0.39432606121505404]]}, "intersection_offroad": {"1.0": [[0, 0, 1, 0, 0, 0, 0, 1, 0, 0, 0, 1, 0, 0, 0, 0, 0, 0, 0, 0, 0, 0, 0, 0], [1, 0, 0, 0, 0, 0, 0, 0, 1, 0, 0, 0, 0, 0, 0, 0, 0, 0, 0, 0, 0, 0, 0, 0]], "3.0": [[0, 1, 0, 0, 1, 0, 0, 0, 1, 0, 0, 1, 0, 0, 1, 0, 0, 1, 0, 0, 1, 0, 0, 1], [0, 0, 0, 0, 1, 0, 0, 0, 1, 0, 0, 1, 0, 0, 1, 1, 1, 1, 0, 0, 1, 0, 0, 0]], "4.0": [[0, 1, 0, 0, 0, 0, 1, 0, 0, 0, 1, 0, 0, 0, 1, 1, 0, 0, 0, 0, 0, 0, 0, 0], [0, 0, 1, 0, 0, 0, 0, 0, 1, 0, 0, 1, 0, 0, 1, 1, 0, 0, 0, 0, 0, 0, 0, 0]], "6.0": [[1, 1, 1, 1, 1, 1, 0, 0, 1, 1, 1, 1, 1, 0, 1, 1, 1, 1, 1, 0, 1, 0, 0, 1], [1, 2, 1, 1, 1, 1, 0, 0, 0, 0, 0, 1, 1, 0, 0, 1, 1, 1, 0, 0, 0, 0, 0, 1]], "8.0": [[0, 0, 0, 0, 0, 1, 0, 0, 0, 0, 0, 0, 1, 0, 0, 1, 0, 0, 0, 0, 0, 0, 0, 0], [0, 0, 0, 0, 0, 0, 0, 0, 0, 0, 1, 0, 1, 0, 0, 1, 0, 0, 0, 0, 0, 0, 0, 0]], "14.0": [[1, 1, 1, 0, 0, 1, 1, 0, 1, 1, 0, 1, 0, 0, 0, 1, 0, 1, 1, 0, 0, 0, 0, 1], [1, 1, 1, 0, 0, 1, 1, 0, 1, 0, 0, 1, 0, 0, 0, 1, 0, 1, 1, 0, 0, 0, 0, 1]]}, "intersection_otherlane": {"1.0": [[1, 1, 0, 0, 0, 0, 0, 0, 0, 0, 0, 0, 0, 0, 0, 0, 0, 0, 0, 0, 0, 0, 0, 0], [0, 0, 0, 0, 0, 0, 0, 1, 0, 0, 0, 0, 0, 0, 0, 0, 0, 0, 0, 0, 0, 0, 0, 0]], "3.0": [[1, 2, 1, 0, 0, 0, 0, 1, 0, 0, 0, 0, 1, 0, 1, 0, 0, 0, 0, 0, 0, 0, 0, 0], [1, 1, 0, 0, 0, 0, 1, 0, 0, 0, 0, 0, 0, 0, 1, 0, 0, 0, 0, 0, 0, 0, 0, 0]], "4.0": [[0, 0, 0, 0, 0, 0, 0, 0, 0, 0, 0, 0, 0, 0, 0, 0, 0, 1, 1, 0, 0, 0, 0, 0], [0, 0, 0, 0, 0, 0, 0, 0, 1, 0, 0, 1, 0, 0, 0, 0, 0, 1, 0, 0, 0, 0, 0, 0]], "6.0": [[0, 0, 0, 0, 0, 1, 0, 0, 0, 1, 1, 0, 1, 0, 1, 0, 0, 0, 1, 0, 0, 0, 0, 0], [0, 0, 1, 1, 0, 1, 0, 0, 1, 1, 0, 0, 1, 0, 0, 0, 0, 0, 0, 0, 0, 0, 0, 0]],