{"episodes_completion": {"1.0": [[0.9869892838607005, 0.24943462938026426, 0.9823190254552256, 0.9819255325528414, 0.965560558468615, 0.9661423520046766, 0.10637518829451838, 0.9803379031092534, 0.274782661265875, 0.9783424202128892, -0.04908725776882288, 0.08632062056242912, 0.4128187219639871, 0.9884262972469887, -0.08692641882183633, 0.990095205780536, 0.9374645917960321, 0.992152692840668, 0.9890905254682096, 0.9906713483440415, 0.604686144722494, 0.9928184040520206, 0.9892600468026773, 0.9873379016812649, 0.9900118704390226], [0.985688078263471, 0.7171725911330433, 0.9796286050623679, 0.9840592963116721, 0.96507146728758, 0.9651361215305286, 0.1012930829853583, -0.4287794995808651, -1.081688312827193, 0.9805006053229051, -0.03953128374337336, 0.11798968601532493, 0.43856243929474575, 0.8444843429047216, -0.04891439140105369, 0.9902600800152138, -0.6147804044464139, 0.990813229070576, 0.9885765727735318, 0.9912468033493902, 0.6046070290734523, 0.9924133861943375, 0.9920835877763402, 0.9868189672795797, 0.9902993925987217]], "3.0": [[0.9869892838607005, 0.24943462938026426, 0.9823190254552256, 0.9819255325528414, 0.965560558468615, 0.9661423520046766, 0.10637518829451838, 0.9803379031092534, 0.274782661265875, 0.9783424202128892, -0.04908725776882288, 0.08632062056242912, 0.4128187219639871, 0.9884262972469887, -0.08692641882183633, 0.990095205780536, 0.9374645917960321, 0.992152692840668, 0.9890905254682096, 0.9906713483440415, 0.604686144722494, 0.9928184040520206, 0.9892600468026773, 0.9873379016812649, 0.9900118704390226], [0.9863365703157969, 0.7173162950096377, 0.9765657306226676, 0.9827292397834675, 0.9655661004153177, 0.9658912989893962, 0.10130663893944566, -0.43022639180166683, -1.0824899167590751, 0.1575170498854209, -0.039120088305261966, 0.11772555783473199, 0.41315777545701315, -0.2930078778084915, -0.05144176968170005, 0.9902600800152138, 0.9343312332800686, 0.990813229070576, 0.8461849085555034, 0.989876460661436, 0.6044086736360058, 0.7763100725165044, 0.9917503405273316, 0.9861981918051108, 0.9904852570447492]], "4.0": [[0.9869892838607005, 0.24943462938026426, 0.9823190254552256, 0.9819255325528414, 0.965560558468615, 0.9661423520046766, 0.10496154383577054, 0.9804540503846648, -1.1412126391487027, 0.9788965910267218, -0.04843775605395598, 0.08784430723490814, 0.41395082071625333, 0.9860532172650206, -0.05148122590821962, 0.9880588885595373, 0.9391767569880869, 0.9914155462655485, 0.9905253778072256, 0.9897372707016789, 0.9910789815226105, 0.9926576475932454, 0.9890562679130609, 0.9880565840597028, 0.9900472462054766], [0.9858879393147542, 0.7130998437816377, 0.9816444233427002, 0.9835908371325852, 0.9665369299884932, 0.9684761692914495, 0.10172528092628978, 0.1538721497007926, -1.0757678065195682, 0.06302356096734923, -0.03920575019494925, 0.11731432501376587, 0.3800032568967551, 0.7465367797527078, -0.08132786638483487, 0.9881130594273266, 0.8309669839717659, 0.9907714649619502, 0.98989187220354, 0.9897081254615531, 0.5875554806021337, 0.9925467869626954, 0.9893678164746675, 0.9864875352108691, 0.9909194534411783]], "6.0": [[0.9886556779622204, 0.9893908162638811, 0.9795344226220082, 0.9835417232954707, 0.9661072509321933, 0.9718126646807138, 0.10496154383577054, 0.9804540503846648, -1.1412126391487027, 0.9788965910267218, -0.04843775605395598, 0.08784430723490814, 0.41395082071625333, 0.9860532172650206, -0.05148122590821962, 0.9880588885595373, 0.9391767569880869, 0.9914155462655485, 0.9905253778072256, 0.9897372707016789, 0.9910789815226105, 0.9926576475932454, 0.9890562679130609, 0.9880565840597028, 0.9900472462054766], [-0.5560563338429716, 0.7101196365669823, 0.9778552861445763, 0.9840519427142438, 0.9659095131987124, 0.9679991553345381, 0.10796115208328394, 0.20436346092504515, -1.1758557069447633, 0.9812164886056132, -0.03987412593478963, 0.08787140619453686, 0.5770073189120924, 0.9883374103530737, -0.051633024099053494, 0.988029054389071, -0.06378794085045945, 0.9923072239571523, 0.991061566155802, 0.9904197143609405, 0.6536202482011984, 0.9927252449811225, 0.9897389670938324, 0.9873200904626263, 0.990893504542828]], "8.0": [[0.9886556779622204, 0.9893908162638811, 0.9795344226220082, 0.9835417232954707, 0.9661072509321933, 0.9718126646807138, 0.10496154383577054, 0.9804540503846648, -1.1412126391487027, 0.9788965910267218, -0.04843775605395598, 0.08784430723490814, 0.41395082071625333, 0.9860532172650206, -0.05148122590821962, 0.9880588885595373, 0.9391767569880869, 0.9914155462655485, 0.9905253778072256, 0.9897372707016789, 0.9910789815226105, 0.9926576475932454, 0.9890562679130609, 0.9880565840597028, 0.9900472462054766], [0.989181943133859, 0.7044234924012169, 0.9811080826999651, 0.9843903597212776, 0.9645025976518348, 0.9685313702928698, 0.10162488436960941, 0.1538721497007926, -1.0830095863949305, 0.15795533749900317, -0.04171230674741467, 0.11537955779007554, 0.40397818737502855, 0.9883762458657336, -0.051152943190402755, 0.9891552373976599, 0.935597390001796, 0.9907714649619502, 0.8011738764218714, 0.9900778386785698, 0.6046980046121054, 0.9927698469982384, 0.9889504273576751, 0.9867406368364622, 0.9904014051073106]], "14.0": [[0.9886556779622204, 0.9893908162638811, 0.9795344226220082, 0.9835417232954707, 0.9661072509321933, 0.9718126646807138, 0.10496154383577054, 0.9804540503846648, -1.1412126391487027, 0.9788965910267218, -0.04843775605395598, 0.08784430723490814, 0.41395082071625333, 0.9860532172650206, -0.05148122590821962, 0.9880588885595373, 0.9391767569880869, 0.9914155462655485, 0.9905253778072256, 0.9897372707016789, 0.9910789815226105, 0.9926576475932454, 0.9890562679130609, 0.9880565840597028, 0.9900472462054766], [0.9880463747958483, 0.7130449052287814, 0.9762515451200031, 0.9840566928457541, 0.9653000619592099, 0.9684761692914495, 0.09704840345060405, 0.1538721497007926, -1.0593701487616871, 0.9809589828087522, -0.04022112234286739, 0.11756044452163081, 0.39307607407349265, 0.9863489490858739, -0.04876786304448129, 0.9881130594273266, 0.9354568198705464, 0.9907714649619502, 0.9879773637202157, 0.9904252638637093, 0.036748562963636475, 0.5038997023205339, 0.9889467343429615, 0.9866107150063046, 0.9900047316863378]]}, "intersection_offroad": {"1.0": [[0, 0, 0, 0, 0, 0, 0, 0, 0, 0, 1, 0, 0, 1, 0, 0, 0, 0, 0, 0, 0, 0, 0, 0], [0, 0, 0, 0, 0, 0, 0, 0, 1, 0, 1, 0, 0, 1, 0, 0, 0, 0, 0, 0, 0, 0, 0, 0]], "3.0": [[0, 0, 0, 0, 0, 0, 0, 0, 0, 0, 1, 0, 0, 1, 0, 0, 0, 0, 0, 0, 0, 0, 0, 0], [0, 0, 0, 0, 0, 0, 0, 0, 1, 0, 1, 0, 0, 1, 0, 0, 0, 2, 0, 0, 0, 0, 0, 0]], "4.0": [[0, 0, 0, 0, 0, 0, 0, 0, 1, 0, 1, 0, 0, 1, 0, 0, 0, 0, 0, 0, 0, 0, 0, 0], [0, 0, 0, 0, 0, 0, 0, 0, 2, 1, 1, 0, 0, 1, 0, 0, 0, 0, 0, 0, 0, 0, 0, 0]], "6.0": [[0, 0, 0, 0, 0, 0, 0, 0, 1, 0, 1, 0, 0, 1, 0, 0, 0, 0, 0, 0, 0, 0, 0, 0], [1, 0, 0, 0, 0, 0, 0, 0, 1, 0, 1, 0, 0, 1, 0, 0, 0, 0, 0, 1, 0, 0, 0, 0]], "8.0": [[0, 0, 0, 0, 0, 0, 0, 0, 1, 0, 1, 0, 0, 1, 0, 0, 0, 0, 0, 0, 0, 0, 0, 0], [0, 0, 0, 0, 0, 0, 0, 0, 2, 0, 1, 0, 0, 1, 0, 0, 0, 1, 0, 0, 0, 0, 0, 0]], "14.0": [[0, 0, 0, 0, 0, 0, 0, 0, 1, 0, 1, 0, 0, 1, 0, 0, 0, 0, 0, 0, 0, 0, 0, 0], [0, 0, 0, 0, 0, 0, 0, 0, 2, 0, 1, 0, 0, 1, 0, 0, 0, 0, 0, 1, 1, 0, 0, 0]]}, "intersection_otherlane": {"1.0": [[0, 1, 0, 0, 0, 0, 0, 0, 1, 0, 1, 0, 0, 1, 0, 0, 0, 0, 0, 0, 0, 0, 0, 0], [1, 0, 0, 0, 0, 0, 0, 0, 2, 0, 1, 0, 1, 1, 0, 1, 0, 0, 2, 0, 0, 0, 0, 0]], "3.0": [[0, 1, 0, 0, 0, 0, 0, 0, 1, 0, 1, 0, 0, 1, 0, 0, 0, 0, 0, 0, 0, 0, 0, 0], [0, 0, 0, 0, 0, 0, 0, 0, 1, 0, 1, 0, 0, 1, 0, 0, 0, 0, 0, 0, 1, 0, 0, 0]], "4.0": [[0, 1, 0, 0, 0, 0, 0, 0, 0, 0, 0, 0, 0, 1, 0, 0, 0, 0, 0, 0, 0, 0, 0, 0], [0, 0, 0, 0, 0, 0, 0, 0, 0, 0, 1, 0, 1, 1, 0, 0, 0, 0, 0, 1, 0, 0, 0, 0]], "6.0": [[0, 0, 0, 0, 0, 0, 0, 0, 0, 0, 0, 0, 0, 1, 0, 0, 0, 0, 0, 0, 0, 0, 0, 0], [1, 0, 1, 0, 0, 0, 0, 0, 0, 0, 0, 0, 0, 1, 0, 1, 0, 0, 0, 0, 0, 0, 0, 0]], "8.0": [[0, 0, 0, 0, 0, 0, 0, 0, 0, 0, 0, 0, 0, 1, 0, 0, 0, 0, 0, 0, 0, 0, 0, 0], [0, 0, 0, 0, 0, 0, 0, 0, 0, 0, 2, 0, 0, 1, 0, 0, 0, 0, 0, 0, 0, 0, 0, 0]],