{"episodes_completion": {"1.0": [[-0.504393563151141, 0.007842451121407325, -2.178512762974589, 0.9827137714452682, 0.9639855807930141, 0.9697956804975526, 0.11006982076765821, 0.24945898889629875, -1.143244506650344, 0.12361256063639461, -0.04874895492048968, 0.21751262126218773, 0.42413874432959114, 0.9885195278893478, 0.18173794894608594, 0.9892871383113733, 0.9404996159379049, 0.992132605598799, 0.8017894495213589, 0.9891391763967439, 0.13675662995457197, 0.9930356946123903, 0.9914354910331317, 0.2404059389170617, 0.9907280872598361], [0.9857097603310214, 0.006739546419898695, 0.9804388188179156, 0.9850128367047466, 0.9639926541756532, 0.968132706963889, 0.10651135802358173, 0.24996597638980492, -1.1757600117511384, 0.1113377826698838, 0.25067338020674956, 0.2188386625653542, 0.42336859022862333, 0.9877404928203068, 0.18454249477073603, 0.01685230972597472, 0.8987194013840685, 0.9920602630203784, 0.9886013692087001, 0.9900231498492066, 0.13865747300582754, 0.9922633593916057, 0.9884550755193875, 0.2400950455483969, 0.9904924859834969]], "3.0": [[-0.504393563151141, 0.007842451121407325, -2.178512762974589, 0.9827137714452682, 0.9639855807930141, 0.9697956804975526, 0.11006982076765821, 0.24945898889629875, -1.143244506650344, 0.12361256063639461, -0.04874895492048968, 0.21751262126218773, 0.42413874432959114, 0.9885195278893478, 0.18173794894608594, 0.9892871383113733, 0.9404996159379049, 0.992132605598799, 0.8017894495213589, 0.9891391763967439, 0.13675662995457197, 0.9930356946123903, 0.9914354910331317, 0.2404059389170617, 0.9907280872598361], [0.9875577831101613, 0.006691174473338082, 0.9766553397473274, 0.9821480497074907, 0.9634692410223429, 0.9641741246216093, 0.10571689144720955, 0.24995154477566592, -1.175847919468104, 0.11138371205881797, 0.25264648165802167, 0.21986621059582745, 0.42405396959003855, 0.9865935581049531, 0.1839799625558097, 0.017008161951153913, 0.9385684371787117, 0.9920602630203784, 0.8272385394135148, 0.9897052348707014, 0.1389938165569471, 0.9923939746424931, 0.9911586689283097, 0.24009493885504604, 0.990074751366815]], "4.0": [[-0.504393563151141, 0.007842451121407325, -2.178512762974589, 0.9827137714452682, 0.9639855807930141, 0.9697956804975526, 0.11006982076765821, 0.24945898889629875, -1.143244506650344, 0.12361256063639461, -0.04874895492048968, 0.21751262126218773, 0.42413874432959114, 0.9885195278893478, 0.18173794894608594, 0.9892871383113733, 0.9404996159379049, 0.992132605598799, 0.8017894495213589, 0.9891391763967439, 0.13675662995457197, 0.9930356946123903, 0.9914354910331317, 0.2404059389170617, 0.9907280872598361], [0.9890297980593009, 0.0066527885716600645, 0.9778204528915521, 0.9833912084648242, 0.9652226971042804, 0.9641741246216093, 0.1013179813776358, 0.24996263518983403, -1.1761239783297617, 0.11148373526022695, 0.25157336904286753, 0.2190699065861361, 0.42380412043391935, 0.9881932006394144, 0.18443395515673636, 0.016946106933923896, -1.5744790403881441, 0.9920602630203784, 0.8282065382957374, 0.9909689147284297, 0.1387228361509346, 0.9927391575682143, 0.990072492316735, 0.24009483220532923, 0.9909903751284922]], "6.0": [[-0.504393563151141, 0.007842451121407325, -2.178512762974589, 0.9827137714452682, 0.9639855807930141, 0.9697956804975526, 0.11006982076765821, 0.24945898889629875, -1.143244506650344, 0.12361256063639461, -0.04874895492048968, 0.21751262126218773, 0.42413874432959114, 0.9885195278893478, 0.18173794894608594, 0.9892871383113733, 0.9404996159379049, 0.992132605598799, 0.8017894495213589, 0.9891391763967439, 0.13675662995457197, 0.9930356946123903, 0.9914354910331317, 0.2404059389170617, 0.9907280872598361], [0.39308176400262657, 0.006765656142952615, -0.796516274902604, 0.9824434526206447, 0.9656968489209959, 0.9656253904173304, 0.1056796372222471, 0.24964375337791278, -1.1763061709965577, 0.12336831752692341, 0.2532742089094716, 0.21768322366563472, 0.42400886880588284, 0.9881541781274584, 0.18446627628263385, 0.9875271744751902, 0.895474948790034, 0.9913910296226254, 0.7917658321921155, 0.09063009033985117, 0.13945295144525846, 0.9925677681422697, 0.990725282589473, 0.23989031731989985, 0.9900518114621352]], "8.0": [[-0.504393563151141, 0.007842451121407325, -2.178512762974589, 0.9827137714452682, 0.9639855807930141, 0.9697956804975526, 0.11006982076765821, 0.24945898889629875, -1.143244506650344, 0.12361256063639461, -0.04874895492048968, 0.21751262126218773, 0.42413874432959114, 0.9885195278893478, 0.18173794894608594, 0.9892871383113733, 0.9404996159379049, 0.992132605598799, 0.8017894495213589, 0.9891391763967439, 0.13675662995457197, 0.9930356946123903, 0.9914354910331317, 0.2404059389170617, 0.9907280872598361], [0.9871804046976014, 0.006690714953690916, 0.9791024054908244, 0.9846687810788693, 0.9653827815066285, 0.9695400952743468, 0.10558781621296197, 0.24996263518983403, -1.1758189786333058, 0.15631870030733858, 0.2520099587851587, 0.21983997199336539, 0.42098649948381484, 0.9874054074851732, 0.1846531451746933, 0.0168482970906917, 0.9369157532433138, 0.9919181458492802, 0.8018009468992682, 0.9907041816247947, 0.13888936015755424, 0.9923676342496015, 0.991168357420059, 0.24009493847869565, 0.9910380512411001]], "14.0": [[-0.504393563151141, 0.007842451121407325, -2.178512762974589, 0.9827137714452682, 0.9639855807930141, 0.9697956804975526, 0.11006982076765821, 0.24945898889629875, -1.143244506650344, 0.12361256063639461, -0.04874895492048968, 0.21751262126218773, 0.42413874432959114, 0.9885195278893478, 0.18173794894608594, 0.9892871383113733, 0.9404996159379049, 0.992132605598799, 0.8017894495213589, 0.9891391763967439, 0.13675662995457197, 0.9930356946123903, 0.9914354910331317, 0.2404059389170617, 0.9907280872598361], [0.9887055826376558, 0.006621697597540813, 0.9776759169889051, 0.9819177549216082, 0.9656464467309558, 0.9695400952743468, 0.1013300580620472, 0.24996263518983403, -1.1761138064256267, 0.9798906210636908, 0.2518779338268299, 0.21935268142195524, 0.42400958195931127, 0.8703079953521624, 0.18411907545835157, 0.01693884025382502, 0.9369157532433138, 0.9907761065160807, 0.8278766247078714, 0.9907041816247947, 0.13878896250166747, 0.9927030746319749, 0.9900365979711193, 0.2400948321611573, 0.8555921547154964]]}, "intersection_offroad": {"1.0": [[1, 0, 1, 0, 0, 0, 0, 0, 1, 0, 0, 0, 0, 0, 0, 0, 0, 1, 0, 0, 0, 0, 0, 0], [0, 0, 0, 0, 0, 0, 0, 0, 1, 0, 0, 0, 0, 0, 0, 0, 0, 0, 0, 0, 0, 0, 0, 0]], "3.0": [[1, 0, 1, 0, 0, 0, 0, 0, 1, 0, 0, 0, 0, 0, 0, 0, 0, 1, 0, 0, 0, 0, 0, 0], [0, 0, 0, 0, 0, 0, 0, 0, 1, 0, 0, 0, 0, 0, 0, 0, 0, 1, 0, 0, 0, 0, 0, 0]], "4.0": [[1, 0, 1, 0, 0, 0, 0, 0, 1, 0, 0, 0, 0, 0, 0, 0, 0, 1, 0, 0, 0, 0, 0, 0], [0, 0, 0, 0, 0, 0, 0, 0, 1, 0, 0, 0, 0, 0, 0, 0, 0, 1, 0, 0, 0, 0, 0, 0]], "6.0": [[1, 0, 1, 0, 0, 0, 0, 0, 1, 0, 0, 0, 0, 0, 0, 0, 0, 1, 0, 0, 0, 0, 0, 0], [1, 0, 2, 0, 0, 0, 0, 0, 1, 0, 0, 0, 0, 0, 0, 0, 0, 1, 0, 0, 0, 0, 0, 0]], "8.0": [[1, 0, 1, 0, 0, 0, 0, 0, 1, 0, 0, 0, 0, 0, 0, 0, 0, 1, 0, 0, 0, 0, 0, 0], [0, 0, 0, 0, 0, 1, 0, 0, 1, 0, 0, 0, 0, 0, 0, 0, 0, 1, 0, 0, 0, 0, 0, 0]], "14.0": [[1, 0, 1, 0, 0, 0, 0, 0, 1, 0, 0, 0, 0, 0, 0, 0, 0, 1, 0, 0, 0, 0, 0, 0], [0, 0, 0, 0, 0, 1, 0, 0, 1, 0, 0, 0, 0, 0, 0, 0, 0, 1, 0, 0, 0, 0, 0, 1]]}, "intersection_otherlane": {"1.0": [[0, 0, 0, 0, 0, 0, 0, 0, 0, 0, 0, 0, 0, 0, 0, 0, 0, 0, 0, 0, 0, 0, 0, 0], [0, 0, 0, 0, 0, 0, 0, 0, 0, 0, 0, 0, 0, 0, 1, 1, 0, 0, 0, 0, 0, 0, 0, 0]], "3.0": [[0, 0, 0, 0, 0, 0, 0, 0, 0, 0, 0, 0, 0, 0, 0, 0, 0, 0, 0, 0, 0, 0, 0, 0], [0, 0, 0, 0, 0, 0, 0, 0, 0, 0, 0, 0, 0, 0, 1, 0, 0, 1, 0, 0, 0, 0, 0, 0]], "4.0": [[0, 0, 0, 0, 0, 0, 0, 0, 0, 0, 0, 0, 0, 0, 0, 0, 0, 0, 0, 0, 0, 0, 0, 0], [0, 0, 0, 0, 0, 0, 0, 0, 0, 0, 0, 0, 0, 0, 1, 0, 0, 1, 0, 0, 0, 0, 0, 0]], "6.0": [[0, 0, 0, 0, 0, 0, 0, 0, 0, 0, 0, 0, 0, 0, 0, 0, 0, 0, 0, 0, 0, 0, 0, 0], [0, 0, 1, 0, 0, 0, 0, 0, 0, 0, 0, 0, 0, 0, 0, 1, 0, 0, 0, 0, 0, 0, 0, 0]],