{"episodes_completion": {"1.0": [[0.9867153544554583, 0.9891614367339524, 0.9782729144098171, 0.9842751232634506, 0.9651976215691445, -0.08850828084078814, 0.11040391803321477, 0.9804780223163053, -1.1584617454990789, 0.12374394246442488, -0.04722906204782677, 0.11569025365440166, 0.990632305503422, 0.9863355312133713, -0.09010149114804976, 0.9875596566845333, 0.9408407319191409, 0.9920850623435389, 0.7919626449147218, 0.9902741931947017, 0.6041637527797576, 0.9925060601058334, 0.990137859903528, 0.9863088414993906, 0.9904890099733414], [0.9886946128677896, 0.718964708922492, 0.9777825147525829, 0.7845298998665374, 0.9674631622937084, 0.9680221089967682, 0.10732166697018253, 0.13901442889063975, -1.1758920431610191, 0.11159204263195356, 0.25438974880505466, 0.11745546369263854, 0.40445202274427366, 0.9870692243738914, -0.045591736036118186, 0.9875537001322149, 0.9392377172067169, 0.9921046187219649, 0.8259395516516815, 0.9898323254357745, 0.5873834520074819, 0.4705629895906306, 0.9896845918999555, 0.9864101898410107, 0.990445089515375]], "3.0": [[0.9867153544554583, 0.9891614367339524, 0.9782729144098171, 0.9842751232634506, 0.9651976215691445, -0.08850828084078814, 0.11040391803321477, 0.9804780223163053, -1.1584617454990789, 0.12374394246442488, -0.04722906204782677, 0.11569025365440166, 0.990632305503422, 0.9863355312133713, -0.09010149114804976, 0.9875596566845333, 0.9408407319191409, 0.9920850623435389, 0.808508775927891, 0.9908866540063995, 0.5873052184190304, 0.9922914602077868, 0.9892600468026773, 0.9880865861062347, 0.9905343605445001], [0.9863125218384186, 0.7205205172542802, 0.981679839829443, 0.9846190552656585, 0.9653697672905053, 0.9674403313930148, 0.11399898826281031, -0.4267993756898999, -1.175663836982527, 0.12385439786535647, 0.25413661630299683, 0.26043936205265444, 0.4040498612608833, 0.5744278826699253, -0.05157295816761795, 0.031238970969069527, 0.9326373836077734, 0.99193754059142, 0.8289124086983038, 0.9899403093302911, 0.5875904233600134, 0.6459728451512501, 0.9897589276829978, 0.9868791151353461, 0.8714083471781292]], "4.0": [[0.9877570848618545, 0.9869268977778464, 0.9793190568032083, 0.9837055498976678, 0.9659743435829821, 0.9688450741309312, 0.10573897259035418, 0.9803765573282724, -1.1423437648525667, 0.15651864908717153, 0.24319001724221367, 0.11759365287972537, 0.9899764493761486, 0.986740006446344, -0.04576098698169214, 0.9895429754184492, 0.9430101455328503, 0.9922313125723594, 0.808508775927891, 0.9908866540063995, 0.5873052184190304, 0.9922914602077868, 0.9892600468026773, 0.9880865861062347, 0.9905343605445001], [0.986470404559767, 0.4901034620546633, 0.976859181651783, 0.9829340507354946, 0.9661447090113395, 0.9648010259945026, 0.10464445696896736, -0.4254238771659205, -1.175804643054268, 0.11141995202183916, 0.25411090117663987, 0.26154758106664006, 0.4197617286164457, 0.5713304015243567, -0.04889768321686408, 0.03124287342259324, -5.256655071118462, 0.99193754059142, 0.7925969061051559, 0.9898901413172133, 0.6039709658562259, 0.48830742639410846, 0.9903168326625496, 0.9867489347053562, 0.9899906650599924]], "6.0": [[0.9877570848618545, 0.9869268977778464, 0.9793190568032083, 0.9837055498976678, 0.9659743435829821, 0.9688450741309312, 0.10573897259035418, 0.9803765573282724, -1.1423437648525667, 0.15651864908717153, 0.24319001724221367, 0.11759365287972537, 0.9899764493761486, 0.986740006446344, -0.04576098698169214, 0.9895429754184492, 0.9430101455328503, 0.9922313125723594, 0.808508775927891, 0.9908866540063995, 0.5873052184190304, 0.9922914602077868, 0.9892600468026773, 0.9880865861062347, 0.9905343605445001], [0.2365404345823772, 0.4084957157444608, -1.3580068985383316, 0.9840167540925561, 0.9653738254653734, 0.9690571407998662, 0.10485478675922226, 0.2548844478408943, -1.1433095073930553, 0.12471908971544675, 0.16358533432603728, 0.2610266977213654, 0.6266600837924293, 0.9879222487199046, -0.08982697564056787, 0.9885704622405931, -5.832616379053728, 0.1713951683876909, 0.8112290753030267, 0.9914925690618009, 0.588530110163537, 0.50375685157752, 0.9897168852110692, 0.9860604536913269, 0.990980919956125]], "8.0": [[0.9877570848618545, 0.9869268977778464, 0.9793190568032083, 0.9837055498976678, 0.9659743435829821, 0.9688450741309312, 0.10573897259035418, 0.9803765573282724, -1.1423437648525667, 0.15651864908717153, 0.24319001724221367, 0.11759365287972537, 0.9899764493761486, 0.986740006446344, -0.04576098698169214, 0.9895429754184492, 0.9430101455328503, 0.9922313125723594, 0.808508775927891, 0.9908866540063995, 0.5873052184190304, 0.9922914602077868, 0.9892600468026773, 0.9880865861062347, 0.9905343605445001], [0.9859784285628936, 0.7261569507073894, 0.9774707985749294, 0.9827064099966452, 0.9665208615468394, 0.9700908484748919, 0.10651362589277903, -0.4259656513513503, -1.1760003722863253, 0.10700936075356902, 0.2541894879139022, 0.2614317154141872, 0.41726271485095334, 0.5764169204517334, -0.0509545175125428, 0.026560111684759052, 0.9351010185022318, 0.99193754059142, 0.7920982460909184, 0.9908635864752926, 0.5873859678223117, 0.6471806287258102, 0.9903168326625496, 0.9863709628184124, 0.9900627235596848]], "14.0": [[0.9877570848618545, 0.9869268977778464, 0.9793190568032083, 0.9837055498976678, 0.9659743435829821, 0.9688450741309312, 0.10573897259035418, 0.9803765573282724, -1.1423437648525667, 0.15651864908717153, 0.24319001724221367, 0.11759365287972537, 0.9899764493761486, 0.986740006446344, -0.04576098698169214, 0.9895429754184492, 0.9430101455328503, 0.9922313125723594, 0.808508775927891, 0.9908866540063995, 0.5873052184190304, 0.9922914602077868, 0.9892600468026773, 0.9880865861062347, 0.9905343605445001], [0.9859840886685955, 0.7203210574346303, -1.2231390080100044, 0.7862690000757023, 0.9641854366372731, 0.9648130240716057, 0.10490311265629076, -0.4276384402457207, -1.1756967664100963, 0.10573938155745252, 0.25411295246368026, 0.26106135055257607, 0.4201766103695717, 0.572955509945307, -0.05153387282826228, 0.02646634121472979, 0.9363823932731768, 0.99193754059142, 0.8453311133365068, 0.03088518339582259, 0.5877158491134772, 0.49466625679133613, 0.9903168326625496, 0.9861891636438057, 0.9908038238803496]]}, "intersection_offroad": {"1.0": [[0, 0, 0, 0, 0, 1, 0, 0, 1, 0, 1, 0, 0, 1, 0, 0, 0, 1, 0, 0, 0, 0, 0, 0], [0, 0, 0, 0, 0, 0, 0, 0, 1, 0, 2, 0, 0, 1, 0, 0, 0, 1, 1, 0, 1, 0, 0, 0]], "3.0": [[0, 0, 0, 0, 0, 1, 0, 0, 1, 0, 1, 0, 0, 1, 0, 0, 0, 1, 1, 0, 0, 0, 0, 0], [0, 0, 0, 0, 0, 0, 0, 0, 1, 0, 0, 0, 0, 1, 0, 0, 0, 1, 0, 0, 1, 0, 0, 1]], "4.0": [[0, 0, 0, 0, 0, 0, 0, 0, 1, 0, 1, 0, 0, 1, 0, 0, 0, 1, 1, 0, 0, 0, 0, 0], [0, 0, 0, 0, 0, 0, 0, 0, 1, 0, 0, 0, 0, 1, 0, 0, 0, 1, 1, 0, 1, 0, 0, 0]], "6.0": [[0, 0, 0, 0, 0, 0, 0, 0, 1, 0, 1, 0, 0, 1, 0, 0, 0, 1, 1, 0, 0, 0, 0, 0], [0, 0, 1, 0, 0, 0, 0, 1, 1, 0, 1, 0, 0, 1, 0, 0, 1, 1, 0, 0, 1, 0, 0, 0]], "8.0": [[0, 0, 0, 0, 0, 0, 0, 0, 1, 0, 1, 0, 0, 1, 0, 0, 0, 1, 1, 0, 0, 0, 0, 0], [0, 0, 0, 0, 0, 0, 0, 0, 1, 0, 0, 0, 0, 1, 0, 0, 0, 1, 0, 0, 1, 0, 0, 0]], "14.0": [[0, 0, 0, 0, 0, 0, 0, 0, 1, 0, 1, 0, 0, 1, 0, 0, 0, 1, 1, 0, 0, 0, 0, 0], [0, 0, 0, 0, 0, 0, 0, 0, 1, 0, 0, 0, 1, 1, 0, 0, 0, 1, 1, 0, 1, 0, 0, 0]]}, "intersection_otherlane": {"1.0": [[0, 0, 0, 0, 0, 0, 0, 0, 0, 0, 1, 0, 0, 0, 0, 0, 0, 0, 0, 0, 0, 0, 0, 0], [1, 0, 0, 1, 0, 0, 0, 0, 0, 0, 1, 0, 0, 1, 0, 0, 0, 1, 0, 0, 2, 0, 0, 0]], "3.0": [[0, 0, 0, 0, 0, 0, 0, 0, 0, 0, 1, 0, 0, 0, 0, 0, 0, 0, 0, 0, 0, 0, 0, 0], [0, 0, 0, 0, 0, 0, 0, 0, 0, 0, 0, 0, 1, 1, 1, 1, 0, 1, 0, 0, 1, 0, 0, 1]], "4.0": [[0, 0, 0, 0, 0, 0, 0, 0, 0, 0, 2, 0, 0, 1, 0, 0, 0, 0, 0, 0, 0, 0, 0, 0], [0, 0, 0, 0, 0, 0, 0, 0, 0, 0, 0, 0, 0, 1, 1, 1, 0, 0, 0, 0, 1, 0, 0, 0]], "6.0": [[0, 0, 0, 0, 0, 0, 0, 0, 0, 0, 2, 0, 0, 1, 0, 0, 0, 0, 0, 0, 0, 0, 0, 0], [1, 0, 1, 0, 0, 0, 0, 0, 0, 0, 1, 0, 1, 0, 0, 0, 1, 0, 0, 0, 2, 0, 0, 0]], "8.0": [[0, 0, 0, 0, 0, 0, 0, 0, 0, 0, 2, 0, 0, 1, 0, 0, 0, 0, 0, 0, 0, 0, 0, 0], [0, 0, 0, 0, 0, 0, 0, 0, 0, 0, 0, 0, 1, 1, 1, 1, 0, 0, 0, 0, 1, 0, 0, 0]],