{"episodes_completion": {"1.0": [[0.9933483964558185, 0.9896016108250472, 0.9956753932754124, 0.768778849540112, 0.9852717895941445, 0.9869871595070806, 0.996328833692965, 0.9939556990164095, 0.9933431677275082, 0.9923874438218634, 0.9930903985074618, 0.9848262555397751, 0.9946972537187285, 0.9953919353276502, 0.9829953221684978, 0.9883574401797449, 0.9914781145195026, 0.9905403768124059, 0.9952277217103254, 0.9938222406230869, 0.9953416292346596, 0.9916015794036003, 0.996203652609774, 0.4058250574689887, 0.9957936229341294], [0.9946429340442454, 0.5380055942422047, -0.04077105994438507, 0.7581783847106964, 0.9866799392001804, 0.9890368903906855, 0.995016719674102, 0.5340709191420959, 0.3828037462087096, 0.9943047961050911, 0.9931804385247075, 0.9877111297677262, 0.9945841168557704, 0.99560797651275, 0.98428437348976, 0.9889065199430449, 0.9915069250724177, 0.6904838077868678, -0.2265277346770056, 0.9928038909720914, 0.9942507295936692, 0.9903034921438753, 0.4598629217136788, 0.21352003728760516, 0.9959661861939072]], "3.0": [[0.9933483964558185, 0.9896016108250472, 0.9956753932754124, 0.768778849540112, 0.9852717895941445, 0.9869871595070806, 0.996328833692965, 0.9939556990164095, 0.9933431677275082, 0.9923874438218634, 0.9930903985074618, 0.9848262555397751, 0.9946972537187285, 0.9953919353276502, 0.9829953221684978, 0.9883574401797449, 0.9914781145195026, 0.9905403768124059, 0.9952277217103254, 0.9938222406230869, 0.9953416292346596, 0.9894221482327382, 0.996203652609774, 0.4058250574689887, 0.9959731983383857], [0.9946429340442454, 0.5382240510466354, -0.04077105994438507, 0.7581783847106964, 0.9866799392001804, 0.9890368903906855, 0.995016719674102, 0.5340709191420959, 0.3843208621627584, 0.9933998815516665, 0.5967781692538887, 0.9870273606257608, 0.9943380112834079, 0.9956500748713287, 0.9829339804944083, 0.9891341983649719, 0.9919749416150047, 0.9902772548514016, 0.9946572249599863, 0.9927530853523412, 0.9946300894238038, 0.9901348943554705, 0.9963158365535737, 0.22025673751440536, 0.9960817172546405]], "4.0": [[0.9944440049905905, 0.9906965979299169, 0.9952352009305776, 0.9919096079684797, 0.9855048204119508, 0.9879523621116955, 0.9956351927871682, 0.9947450277493378, 0.9929890777242336, 0.9943365947395402, 0.9932549811057808, 0.9879644986394892, 0.9944069082852407, 0.99577964042985, 0.9825312515823102, 0.9896993594036351, 0.9918161809242498, 0.9904991153197409, 0.9945076903377338, 0.9936424425390636, 0.9941096448608464, 0.9894470081731047, 0.9958823859046877, 0.40878947386368725, 0.9959931671584081], [0.9947297216785328, 0.6137907687421207, 0.9958402602668559, 0.769833032915579, 0.9852877191226094, 0.9887449624296509, 0.99579145059874, 0.5323309572900714, 0.3828266060768342, 0.9936990781321555, 0.5906031079638491, 0.9883206407939702, 0.9945114646915545, 0.9956500748713287, 0.9829339804944083, 0.9901897914318804, 0.9919749416150047, 0.9908865610791754, 0.9946600196823047, 0.9927530853523412, 0.9947942929300808, 0.9901348943554705, 0.9959614527533588, 0.2274208587300633, 0.9955275636023317]], "6.0": [[0.9944440049905905, 0.9906965979299169, 0.9952352009305776, 0.9919096079684797, 0.9855048204119508, 0.9879523621116955, 0.9956351927871682, 0.9947450277493378, 0.9929890777242336, 0.9943365947395402, 0.9932549811057808, 0.9879644986394892, 0.9944069082852407, 0.99577964042985, 0.9825312515823102, 0.9896993594036351, 0.9918161809242498, 0.9904991153197409, 0.9945076903377338, 0.9936424425390636, 0.9941096448608464, 0.9894470081731047, 0.9958823859046877, 0.40878947386368725, 0.9959931671584081], [0.9933504561420479, 0.9907434094835771, 0.996064196326472, 0.9925268329963157, 0.9854017175282084, 0.988248094480668, 0.9957948158226338, 0.5340310440261573, 0.6789682313699722, 0.9931194112801337, 0.9932015899091923, 0.9846963083338897, 0.9950241281291525, 0.9961133296747221, 0.9829350370942692, 0.9896339856337935, 0.9917677841310332, 0.991511877484518, -0.22892050704801875, 0.9938690777852764, 0.8246849538597775, 0.9916063261383157, 0.9961302669102636, 0.39881306314652476, 0.9960450235227194]], "8.0": [[0.9944440049905905, 0.9906965979299169, 0.9949015832929392, 0.9919096079684797, 0.9855048204119508, 0.9879523621116955, 0.9956351927871682, 0.9947450277493378, 0.9929890777242336, 0.9943365947395402, 0.9932549811057808, 0.9879644986394892, 0.9944069082852407, 0.99577964042985, 0.9825312515823102, 0.9896993594036351, 0.9918161809242498, 0.9904991153197409, 0.9950454664625481, 0.9936424425390636, 0.9941096448608464, 0.9903231958725206, 0.9958823859046877, 0.40878947386368725, 0.9963236462266358], [0.9934450391222044, 0.5382148280851788, 0.9950580660787152, 0.769833032915579, 0.9852877191226094, 0.9887449624296509, 0.995224273246841, 0.5324058478319991, 0.3825452156815447, 0.9935488406398391, 0.5906243952262953, 0.9870273606257608, 0.9945114646915545, 0.9956500748713287, 0.9829339804944083, 0.9896716377057015, 0.9919749416150047, 0.9904899006562983, 0.9951844308443123, 0.9927530853523412, 0.9947946117539284, 0.9916209948434265, 0.996257173918595, 0.20884557130369627, 0.9956531218106356]], "14.0": [[0.9944440049905905, 0.9906965979299169, 0.9952352009305776, 0.9919096079684797, 0.9855048204119508, 0.9879523621116955, 0.9956351927871682, 0.9947450277493378, 0.9929890777242336, 0.9943365947395402, 0.9932549811057808, 0.9879644986394892, 0.9944069082852407, 0.99577964042985, 0.9825312515823102, 0.9896993594036351, 0.9918161809242498, 0.9904991153197409, 0.9944654760048943, 0.9936424425390636, 0.9941096448608464, 0.9894470081731047, 0.9958823859046877, 0.40878947386368725, 0.9959931671584081], [0.9945208451327914, 0.5396731890730112, 0.9955979462655562, 0.990765371484817, 0.9868354002604491, 0.9896006930041005, 0.9949220440567804, 0.530972644144116, 0.8040935639429475, 0.994474061178168, 0.9944078183346156, 0.9881745110579079, 0.9942491309220409, 0.994748824012157, 0.9829350370942692, 0.9902321695338485, 0.9921711276844033, 0.9903980918295195, -0.22599374935297248, 0.9940316043167269, 0.9945988535167606, 0.9906579934129824, 0.9964445110605467, 0.39921388992381734, 0.9957393651336074]]}, "intersection_offroad": {"1.0": [[0, 0, 0, 0, 0, 0, 0, 0, 0, 0, 0, 0, 0, 0, 0, 0, 0, 0, 0, 0, 0, 0, 0, 0, 0], [0, 0, 0, 1, 0, 0, 0, 1, 0, 0, 0, 0, 0, 0, 0, 0, 0, 0, 0, 0, 0, 0, 0, 0, 0]], "3.0": [[0, 0, 0, 0, 0, 0, 0, 0, 0, 0, 0, 0, 0, 0, 0, 0, 0, 0, 0, 0, 0, 0, 0, 0, 0], [0, 0, 0, 1, 0, 0, 0, 1, 0, 0, 0, 0, 0, 0, 0, 0, 0, 0, 0, 0, 0, 0, 0, 0, 0]], "4.0": [[0, 0, 0, 0, 0, 0, 0, 0, 0, 0, 0, 0, 0, 0, 0, 0, 0, 0, 0, 0, 0, 0, 0, 0, 0], [0, 1, 0, 1, 0, 0, 0, 0, 0, 0, 0, 0, 0, 0, 0, 0, 0, 0, 0, 0, 0, 0, 0, 0, 0]], "6.0": [[0, 0, 0, 0, 0, 0, 0, 0, 0, 0, 0, 0, 0, 0, 0, 0, 0, 0, 0, 0, 0, 0, 0, 0, 0], [0, 0, 0, 0, 0, 0, 0, 0, 0, 0, 0, 0, 0, 0, 0, 0, 0, 0, 1, 0, 0, 0, 0, 0, 0]], "8.0": [[0, 0, 0, 0, 0, 0, 0, 0, 0, 0, 0, 0, 0, 0, 0, 0, 0, 0, 0, 0, 0, 0, 0, 0, 0], [0, 0, 0, 1, 0, 0, 0, 0, 0, 0, 0, 0, 0, 0, 0, 0, 0, 0, 0, 0, 0, 0, 0, 0, 0]], "14.0": [[0, 0, 0, 0, 0, 0, 0, 0, 0, 0, 0, 0, 0, 0, 0, 0, 0, 0, 0, 0, 0, 0, 0, 0, 0], [0, 0, 0, 0, 0, 0, 0, 1, 0, 0, 0, 0, 0, 0, 0, 0, 0, 0, 0, 0, 0, 0, 0, 0, 0]]}, "intersection_otherlane": {"1.0": [[0, 0, 0, 0, 0, 0, 0, 0, 0, 0, 0, 0, 0, 0, 0, 0, 0, 0, 0, 0, 0, 0, 0, 0, 0], [0, 0, 0, 1, 0, 0, 0, 0, 0, 0, 0, 0, 0, 0, 0, 0, 0, 0, 1, 0, 0, 0, 1, 0, 0]], "3.0": [[0, 0, 0, 0, 0, 0, 0, 0, 0, 0, 0, 0, 0, 0, 0, 0, 0, 0, 0, 0, 0, 0, 0, 0, 0], [0, 0, 0, 1, 0, 0, 0, 0, 0, 0, 1, 0, 0, 0, 0, 0, 0, 0, 0, 0, 0, 0, 0, 0, 0]], "4.0": [[0, 0, 0, 0, 0, 0, 0, 0, 0, 0, 0, 0, 0, 0, 0, 0, 0, 0, 0, 0, 0, 0, 0, 0, 0], [0, 0, 0, 0, 0, 0, 0, 0, 0, 0, 1, 0, 0, 0, 0, 0, 0, 0, 0, 0, 0, 0, 0, 0, 0]], "6.0": [[0, 0, 0, 0, 0, 0, 0, 0, 0, 0, 0, 0, 0, 0, 0, 0, 0, 0, 0, 0, 0, 0, 0, 0, 0], [0, 0, 0, 0, 0, 0, 0, 0, 0, 0, 0, 0, 0, 0, 0, 0, 0, 0, 0, 0, 0, 0, 0, 0, 2]], "8.0": [[0, 0, 0, 0, 0, 0, 0, 0, 0, 0, 0, 0, 0, 0, 0, 0, 0, 0, 0, 0, 0, 0, 0, 0, 0], [0, 0, 0, 0, 0, 0, 0, 0, 0, 0, 1, 0, 0, 0, 0, 0, 0, 0, 0, 0, 0, 0, 0, 0, 0]],