{"episodes_completion": {"1.0": [[0.9931141560064952, 0.9898295963889507, 0.9953711862419604, 0.7672634645360937, 0.985478920199691, 0.9869871595070806, 0.9955238251574535, 0.5322233282674123, 0.992725715023179, 0.9938513240835493, 0.9940436621383654, 0.9870282725944927, 0.9943772685203022, 0.9953006229752563, 0.9857589973328347, 0.9882629624614778, 0.9913108520459013, 0.9898761586379218, 0.9953571328972494, 0.9934864990058244, 0.9949709383031052, 0.9907735059438565, 0.9963831066596794, 0.40862412660346215, 0.9965496236183538], [0.9947494553992223, 0.5318251202292937, 0.9963623998513937, 0.767970902933269, 0.9866640519873159, 0.9890368903906855, 0.9949484093977145, 0.024257540599413645, 0.3834190430431549, 0.9939467489453709, 0.9931745372311732, 0.9878208083149728, 0.9941841692985737, 0.9958583686318749, 0.9856939237730301, 0.989481607233174, 0.9915165713403737, 0.9921080049018007, 0.9948748058797339, 0.6961104337482785, 0.9942274606759932, 0.9897997134461696, 0.4903192195307905, -0.173698896043019, 0.9963515001221985]], "3.0": [[0.9931141560064952, 0.9898295963889507, 0.9953711862419604, 0.7672634645360937, 0.985478920199691, 0.9869871595070806, 0.9955238251574535, 0.5322233282674123, 0.9924429775956566, 0.9932531208402063, 0.5878908299990848, 0.9833155508534654, 0.9942822478015217, 0.9958982658753119, 0.9822378305040118, 0.9890411380781883, 0.9918810072973252, 0.3993208485035753, 0.9953789064725868, 0.9926697636652814, 0.9958752840518016, 0.9894050060511034, 0.9962395028182973, 0.4133240650123871, 0.9966521560890278], [0.9931157743685965, 0.5353042073798487, -0.034726940753854144, 0.7664029216381844, 0.9860576384175362, 0.9887449624296509, 0.9957480688367399, 0.5313582868341087, 0.3820764567515616, 0.994218699029811, 0.9945901522306134, 0.9860045876710529, 0.994226457304911, 0.9956166924817782, 0.9849960335967399, 0.9896052740882567, 0.991492191621616, 0.39243389101023834, -0.2229489337174194, 0.24101204833430337, 0.9943851589093704, 0.991500926962549, 0.9962394122799143, -0.22298851893288046, 0.9959635228747342]], "4.0": [[0.9940586335779374, 0.9908309277879865, 0.9954880880324227, 0.767008700516933, 0.9876509254686162, 0.9879523621116955, 0.995870973647368, 0.5313754306124665, 0.9924429775956566, 0.9932531208402063, 0.5878908299990848, 0.9833155508534654, 0.9942822478015217, 0.9958982658753119, 0.9822378305040118, 0.9890411380781883, 0.9918810072973252, 0.3993208485035753, 0.9953789064725868, 0.9926697636652814, 0.9958752840518016, 0.9894050060511034, 0.9962395028182973, 0.4133240650123871, 0.9966521560890278], [0.9931157743685965, 0.5353042073798487, -0.034639801737442084, 0.7666375961728591, 0.9860576384175362, 0.9887449624296509, 0.9957480688367399, 0.5313582868341087, 0.38180665272527015, 0.9927615391048188, 0.9945901522306134, 0.9860045876710529, 0.9945706562991306, 0.9956166924817782, 0.9849960335967399, 0.9896351619456771, 0.991492191621616, 0.39286628959838077, -0.22281432250655592, 0.24106108352010744, 0.994264834352897, 0.991500926962549, 0.9961125473348715, -0.22083565161949292, 0.9966734884046059]], "6.0": [[0.9940586335779374, 0.9908309277879865, 0.9954880880324227, 0.767008700516933, 0.9876509254686162, 0.9879523621116955, 0.995870973647368, 0.5313754306124665, 0.9924429775956566, 0.9932531208402063, 0.5878908299990848, 0.9833155508534654, 0.9942822478015217, 0.9958982658753119, 0.9822378305040118, 0.9890411380781883, 0.9918810072973252, 0.3993208485035753, 0.9953789064725868, 0.9926697636652814, 0.9958752840518016, 0.9894050060511034, 0.9962395028182973, 0.4133240650123871, 0.9966521560890278], [0.9935259891991364, 0.9899101917649843, -0.03884505851072279, 0.7678603976803975, 0.9867216624549588, 0.9882587494840361, 0.9957939204366025, 0.5322354258303853, 0.6791487697106114, 0.9931970335724933, 0.9949848195792645, 0.9870533388612668, 0.9943056999651093, 0.995740449722871, 0.9849998217715573, 0.9895311912911221, 0.992156927914077, 0.991332100254002, -0.22300092762047669, 0.9938197846941824, 0.03272762339010433, 0.9904217461463061, 0.9959506906042489, 0.25199042814162, 0.6793689035564092]], "8.0": [[0.9940586335779374, 0.9908309277879865, 0.9954880880324227, 0.767008700516933, 0.9876509254686162, 0.9879523621116955, 0.995870973647368, 0.5313754306124665, 0.9924429775956566, 0.9932531208402063, 0.5878908299990848, 0.9833155508534654, 0.9942822478015217, 0.9958982658753119, 0.9822378305040118, 0.9890411380781883, 0.9918810072973252, 0.3993208485035753, 0.9953789064725868, 0.9926697636652814, 0.9958752840518016, 0.9894050060511034, 0.9962395028182973, 0.4133240650123871, 0.9966521560890278], [0.994638849273863, 0.5326334456077826, -0.03455459723463034, 0.7666125472922233, 0.9860576384175362, 0.9887449624296509, 0.9957747562597044, -0.03481705979299747, 0.38138385777626876, 0.9925472691819713, 0.9945901522306134, 0.9860045876710529, 0.994226457304911, 0.9956166924817782, 0.9849960335967399, 0.9889937729665399, 0.991492191621616, 0.9913499027559443, -0.2229581139457917, 0.2408912097543718, 0.9945772807675346, 0.991500926962549, 0.9962394122799143, -0.21758430264421486, 0.9961292816301935]], "14.0": [[0.9940586335779374, 0.9908309277879865, 0.9954880880324227, 0.767008700516933, 0.9876509254686162, 0.9879523621116955, 0.995870973647368, 0.5313754306124665, 0.9924429775956566, 0.9932531208402063, 0.5878908299990848, 0.9833155508534654, 0.9942822478015217, 0.9958982658753119, 0.9822378305040118, 0.9890411380781883, 0.9918810072973252, 0.3993208485035753, 0.9953789064725868, 0.9926697636652814, 0.9958752840518016, 0.9894050060511034, 0.9962395028182973, 0.4133240650123871, 0.9966521560890278], [0.9942894676431339, 0.5345621558004895, -0.040194066263845585, 0.7665279855171467, 0.9859594910465552, 0.988490987351401, 0.9951203769532502, 0.02399392847168009, 0.6786806499994593, 0.9939228279470809, 0.9935672368729578, 0.9867675791047688, 0.9941448708393337, 0.9955087642157954, 0.9849998217715573, 0.9893922600047372, 0.9913173685158375, 0.9908944539085249, -0.23077591790859034, 0.9930817289118266, 0.9948032495931382, 0.9917822806972099, 0.9964690127016542, 0.3752106850490655, 0.996644024813399]]}, "intersection_offroad": {"1.0": [[0, 0, 0, 0, 0, 0, 0, 1, 0, 0, 0, 0, 0, 0, 0, 0, 0, 0, 0, 0, 0, 0, 0, 0, 0], [0, 0, 1, 0, 0, 0, 0, 1, 0, 0, 0, 0, 0, 0, 0, 0, 0, 0, 1, 0, 0, 0, 1, 0, 0]], "3.0": [[0, 0, 0, 0, 0, 0, 0, 1, 0, 0, 0, 0, 0, 0, 0, 0, 0, 0, 0, 0, 0, 0, 0, 0, 1], [0, 0, 1, 0, 0, 0, 0, 0, 0, 0, 0, 0, 0, 0, 0, 0, 0, 0, 1, 0, 0, 0, 0, 0, 0]], "4.0": [[0, 0, 0, 0, 0, 0, 0, 1, 0, 0, 0, 0, 0, 0, 0, 0, 0, 0, 0, 0, 0, 0, 0, 0, 1], [0, 0, 1, 0, 0, 0, 0, 0, 0, 0, 0, 0, 0, 0, 0, 0, 0, 0, 1, 0, 0, 0, 0, 0, 0]], "6.0": [[0, 0, 0, 0, 0, 0, 0, 1, 0, 0, 0, 0, 0, 0, 0, 0, 0, 0, 0, 0, 0, 0, 0, 0, 1], [0, 0, 2, 0, 0, 0, 0, 0, 0, 0, 0, 0, 0, 0, 0, 0, 0, 0, 1, 0, 0, 0, 0, 0, 1]], "8.0": [[0, 0, 0, 0, 0, 0, 0, 1, 0, 0, 0, 0, 0, 0, 0, 0, 0, 0, 0, 0, 0, 0, 0, 0, 1], [0, 0, 1, 0, 0, 0, 0, 0, 0, 0, 0, 0, 0, 0, 0, 0, 0, 0, 1, 0, 0, 0, 0, 0, 0]], "14.0": [[0, 0, 0, 0, 0, 0, 0, 1, 0, 0, 0, 0, 0, 0, 0, 0, 0, 0, 0, 0, 0, 0, 0, 0, 1], [0, 0, 1, 0, 0, 0, 0, 1, 0, 0, 0, 0, 0, 0, 0, 0, 0, 0, 1, 0, 0, 0, 0, 0, 0]]}, "intersection_otherlane": {"1.0": [[0, 0, 0, 0, 0, 0, 0, 0, 0, 0, 0, 0, 0, 0, 0, 0, 0, 0, 0, 0, 0, 0, 0, 0, 0], [0, 1, 0, 0, 0, 0, 0, 0, 0, 0, 0, 0, 0, 0, 0, 0, 0, 0, 0, 0, 0, 0, 1, 0, 0]], "3.0": [[0, 0, 0, 0, 0, 0, 0, 0, 0, 0, 2, 0, 0, 0, 0, 0, 0, 1, 0, 0, 0, 0, 0, 0, 0], [0, 0, 0, 0, 0, 0, 0, 0, 0, 0, 0, 0, 0, 0, 0, 0, 0, 1, 0, 0, 0, 0, 0, 0, 0]], "4.0": [[0, 0, 0, 0, 0, 0, 0, 0, 0, 0, 2, 0, 0, 0, 0, 0, 0, 1, 0, 0, 0, 0, 0, 0, 0], [0, 0, 0, 0, 0, 0, 0, 0, 0, 0, 0, 0, 0, 0, 0, 0, 0, 3, 0, 0, 0, 0, 0, 0, 0]], "6.0": [[0, 0, 0, 0, 0, 0, 0, 0, 0, 0, 2, 0, 0, 0, 0, 0, 0, 1, 0, 0, 0, 0, 0, 0, 0], [0, 0, 0, 0, 0, 0, 0, 0, 0, 0, 0, 0, 0, 0, 0, 0, 0, 0, 0, 0, 0, 0, 0, 0, 1]], "8.0": [[0, 0, 0, 0, 0, 0, 0, 0, 0, 0, 2, 0, 0, 0, 0, 0, 0, 1, 0, 0, 0, 0, 0, 0, 0], [0, 0, 0, 0, 0, 0, 0, 0, 0, 0, 0, 0, 0, 0, 0, 0, 0, 0, 0, 0, 0, 0, 0, 0, 0]],