{"episodes_completion": {"1.0": [[0.995057210892774, 0.9908309277879865, -0.07299819885198056, 0.7670205300783087, 0.9876509254686162, 0.9879523621116955, 0.995870973647368, 0.5313754306124665, 0.7718150845728401, 0.9932531208402063, 0.993851346000628, 0.9858855291508114, 0.23073759543900968, 0.9958982658753119, 0.9822378305040118, 0.9890411380781883, 0.9918810072973252, -0.06624380374526578, -0.27077380966955095, 0.9926697636652814, 0.4105550472511934, 0.27345028850044967, 0.9962395028182973, 0.39652291321230104, 0.821983663119799], [0.4061073648692495, 0.9902070511629539, -0.07366056696252182, 0.7663297968283727, 0.9860576384175362, 0.9887449624296509, 0.9957480688367399, 0.5313582868341087, 0.7716451418795146, 0.9942837764397554, 0.9945901522306134, 0.9870302339546584, 0.23125596503831253, 0.9956166924817782, 0.9849960335967399, 0.9896351619456771, 0.991492191621616, -0.06746702429546582, -0.2716051031941422, 0.2409388100580136, 0.4106756924985027, 0.2743485427975053, 0.9962394122799143, 0.3983066852519106, 0.8219883926265313]], "3.0": [[0.995057210892774, 0.9908309277879865, -0.07299819885198056, 0.7670205300783087, 0.9876509254686162, 0.9879523621116955, 0.995870973647368, 0.5313754306124665, 0.7718150845728401, 0.9932531208402063, 0.993851346000628, 0.9858855291508114, 0.23073759543900968, 0.9958982658753119, 0.9822378305040118, 0.9890411380781883, 0.9918810072973252, -0.06624380374526578, -0.27077380966955095, 0.9926697636652814, 0.4105550472511934, 0.27345028850044967, 0.9962395028182973, 0.39652291321230104, 0.821983663119799], [0.4061073648692495, 0.9902070511629539, -0.07365844119434801, 0.7663664671273286, 0.9860576384175362, 0.9887449624296509, 0.9957480688367399, 0.5313379100096912, 0.7716170800980974, 0.9927615391048188, 0.9945901522306134, 0.9870302339546584, 0.23125619004158257, 0.9956166924817782, 0.9849960335967399, 0.9895339084474537, 0.991492191621616, -0.06746702429546582, -0.2716064405456224, 0.2409388100580136, 0.4105482383680235, 0.2743485427975053, 0.996497440206644, 0.3983066852519106, 0.822292124277146]], "4.0": [[0.995057210892774, 0.9908309277879865, -0.07299819885198056, 0.7670205300783087, 0.9876509254686162, 0.9879523621116955, 0.995870973647368, 0.5313754306124665, 0.7718150845728401, 0.9932531208402063, 0.993851346000628, 0.9858855291508114, 0.23073759543900968, 0.9958982658753119, 0.9822378305040118, 0.9890411380781883, 0.9918810072973252, -0.06624380374526578, -0.27077380966955095, 0.9926697636652814, 0.4105550472511934, 0.27345028850044967, 0.9962395028182973, 0.39652291321230104, 0.821983663119799], [0.406050604794112, 0.9902070511629539, -0.07365844119434801, 0.766264912648179, 0.9860576384175362, 0.9887449624296509, 0.9957480688367399, 0.5295712275607455, 0.7716170800980974, 0.9927615391048188, 0.9945901522306134, 0.9870302339546584, 0.23125745665646247, 0.9956166924817782, 0.9849960335967399, 0.9895339084474537, 0.991492191621616, -0.06746702429546582, -0.27160645601598393, 0.2409388100580136, 0.4105558365408187, 0.27435003058605706, 0.9959135478596477, 0.3983066852519106, 0.8218313849942848]], "6.0": [[0.995057210892774, 0.9908309277879865, -0.07299819885198056, 0.7670205300783087, 0.9876509254686162, 0.9879523621116955, 0.995870973647368, 0.5313754306124665, 0.7718150845728401, 0.9932531208402063, 0.993851346000628, 0.9858855291508114, 0.23073759543900968, 0.9958982658753119, 0.9822378305040118, 0.9890411380781883, 0.9918810072973252, -0.06624380374526578, -0.27077380966955095, 0.9926697636652814, 0.4105550472511934, 0.27345028850044967, 0.9962395028182973, 0.39652291321230104, 0.821983663119799], [0.40803261779688704, 0.9888904539481272, -0.07279301864346398, 0.7679894944212573, 0.9860789951850129, 0.9886740666078495, 0.9953844503556869, 0.5309628386680751, 0.7711901617862427, 0.9926645354341984, 0.9939078462082742, 0.9862319629887194, 0.23119466420296764, 0.9953609558590679, 0.9849977544398206, 0.9889960022511864, 0.9916163739298998, -0.06838817856618733, -0.2706175718253318, 0.9941874107397014, 0.4110470797020155, 0.2756422515798664, 0.9960085679322405, 0.39680251768189245, 0.8219465027491479]], "8.0": [[0.995057210892774, 0.9908309277879865, -0.07299819885198056, 0.7670205300783087, 0.9876509254686162, 0.9879523621116955, 0.995870973647368, 0.5313754306124665, 0.7718150845728401, 0.9932531208402063, 0.993851346000628, 0.9858855291508114, 0.23073759543900968, 0.9958982658753119, 0.9822378305040118, 0.9890411380781883, 0.9918810072973252, -0.06624380374526578, -0.27077380966955095, 0.9926697636652814, 0.4105550472511934, 0.27345028850044967, 0.9962395028182973, 0.39652291321230104, 0.821983663119799], [0.4124374772969223, 0.9893103247316191, -0.07365844119434801, 0.7648055131082055, 0.9860576384175362, 0.9887449624296509, 0.9957747562597044, 0.5288745060310648, 0.7716976436040841, 0.9925472691819713, 0.9945901522306134, 0.9870302339546584, 0.23125489892476334, 0.9956166924817782, 0.9849960335967399, 0.9889937729665399, 0.991492191621616, -0.06745448686120631, -0.2716051031941422, 0.2408912097543718, 0.41061103879738325, 0.27434100107655623, 0.9962394122799143, 0.39830637548590964, 0.8219010383204333]], "14.0": [[0.995057210892774, 0.9908309277879865, -0.07299819885198056, 0.7670205300783087, 0.9876509254686162, 0.9879523621116955, 0.995870973647368, 0.5313754306124665, 0.7718150845728401, 0.9932531208402063, 0.993851346000628, 0.9858855291508114, 0.23073759543900968, 0.9958982658753119, 0.9822378305040118, 0.9890411380781883, 0.9918810072973252, -0.06624380374526578, -0.27077380966955095, 0.9926697636652814, 0.4105550472511934, 0.27345028850044967, 0.9962395028182973, 0.39652291321230104, 0.821983663119799], [0.40030616386364504, 0.9887652652400972, -0.07290104102214402, 0.7679709743653776, 0.9876097114614014, 0.9884794450345001, 0.9953295369715084, 0.5312948832983656, 0.7717850914611627, 0.9923031898921073, 0.994174658538582, 0.9878102006878595, 0.23092465876868612, 0.9950530228192451, 0.9849998217715573, 0.9882727041298272, 0.9920911854065727, -0.06751440425935891, -0.2693002246064611, 0.9926532379367048, 0.41060587914241553, 0.27583061239502443, 0.9964457064591326, 0.39806869605569767, 0.8219832683143524]]}, "intersection_offroad": {"1.0": [[0, 0, 0, 0, 0, 0, 0, 1, 0, 0, 0, 0, 0, 0, 0, 0, 0, 0, 0, 0, 0, 0, 0, 0, 0], [0, 0, 0, 0, 0, 0, 0, 0, 0, 0, 0, 0, 0, 0, 0, 0, 0, 0, 0, 0, 0, 0, 0, 0, 0]], "3.0": [[0, 0, 0, 0, 0, 0, 0, 1, 0, 0, 0, 0, 0, 0, 0, 0, 0, 0, 0, 0, 0, 0, 0, 0, 0], [0, 0, 0, 0, 0, 0, 0, 0, 0, 0, 0, 0, 0, 0, 0, 0, 0, 0, 0, 0, 0, 0, 0, 0, 0]], "4.0": [[0, 0, 0, 0, 0, 0, 0, 1, 0, 0, 0, 0, 0, 0, 0, 0, 0, 0, 0, 0, 0, 0, 0, 0, 0], [0, 0, 0, 0, 0, 0, 0, 0, 0, 0, 0, 0, 0, 0, 0, 0, 0, 0, 0, 0, 0, 0, 0, 0, 0]], "6.0": [[0, 0, 0, 0, 0, 0, 0, 1, 0, 0, 0, 0, 0, 0, 0, 0, 0, 0, 0, 0, 0, 0, 0, 0, 0], [0, 0, 0, 0, 0, 0, 0, 0, 0, 0, 0, 0, 0, 0, 0, 0, 0, 0, 0, 0, 0, 0, 0, 0, 0]], "8.0": [[0, 0, 0, 0, 0, 0, 0, 1, 0, 0, 0, 0, 0, 0, 0, 0, 0, 0, 0, 0, 0, 0, 0, 0, 0], [0, 0, 0, 0, 0, 0, 0, 0, 0, 0, 0, 0, 0, 0, 0, 0, 0, 0, 0, 0, 0, 0, 0, 0, 0]], "14.0": [[0, 0, 0, 0, 0, 0, 0, 1, 0, 0, 0, 0, 0, 0, 0, 0, 0, 0, 0, 0, 0, 0, 0, 0, 0], [0, 0, 0, 0, 0, 0, 0, 1, 0, 0, 0, 0, 0, 0, 0, 0, 0, 0, 0, 0, 0, 0, 0, 0, 0]]}, "intersection_otherlane": {"1.0": [[1, 0, 0, 0, 0, 0, 0, 0, 0, 0, 0, 1, 0, 0, 0, 0, 0, 0, 0, 0, 0, 0, 0, 0, 0], [1, 0, 0, 0, 0, 0, 0, 0, 0, 0, 0, 1, 0, 0, 0, 0, 0, 0, 0, 0, 0, 0, 0, 0, 0]], "3.0": [[1, 0, 0, 0, 0, 0, 0, 0, 0, 0, 0, 1, 0, 0, 0, 0, 0, 0, 0, 0, 0, 0, 0, 0, 0], [1, 0, 0, 0, 0, 0, 0, 0, 0, 0, 0, 1, 0, 0, 0, 0, 0, 0, 0, 0, 0, 0, 0, 0, 0]], "4.0": [[1, 0, 0, 0, 0, 0, 0, 0, 0, 0, 0, 1, 0, 0, 0, 0, 0, 0, 0, 0, 0, 0, 0, 0, 0], [1, 0, 0, 0, 0, 0, 0, 0, 0, 0, 0, 1, 0, 0, 0, 0, 0, 0, 0, 0, 0, 0, 0, 0, 0]], "6.0": [[1, 0, 0, 0, 0, 0, 0, 0, 0, 0, 0, 1, 0, 0, 0, 0, 0, 0, 0, 0, 0, 0, 0, 0, 0], [1, 0, 0, 0, 0, 0, 0, 0, 0, 0, 0, 1, 0, 0, 0, 0, 0, 0, 0, 1, 0, 0, 0, 0, 0]],